ID Value Bucket,Value Bucket,ID Year,Year,Property Value by Bucket,Property Value by Bucket Moe,Geography,ID Geography,Slug Geography,share
0,"Less Than $10,000",2022,"2022",1049858,11030,"United States","01000US","united-states",0.012882047310257362
1,"$10,000 to $14,999",2022,"2022",503432,6841,"United States","01000US","united-states",0.006177249534220327
2,"$15,000 to $19,999",2022,"2022",437226,6308,"United States","01000US","united-states",0.005364883648335856
3,"$20,000 to $24,999",2022,"2022",519925,6654,"United States","01000US","united-states",0.006379623194551605
4,"$25,000 to $29,999",2022,"2022",435839,5245,"United States","01000US","united-states",0.0053478647756699076
5,"$30,000 to $34,999",2022,"2022",445962,4649,"United States","01000US","united-states",0.0054720767785519505
6,"$35,000 to $39,999",2022,"2022",335551,4364,"United States","01000US","united-states",0.004117303346742291
7,"$40,000 to $49,999",2022,"2022",880256,7941,"United States","01000US","united-states",0.010800983977964548
8,"$50,000 to $59,999",2022,"2022",1207986,8810,"United States","01000US","united-states",0.014822321496934394
9,"$60,000 to $69,999",2022,"2022",888740,7593.000000000001,"United States","01000US","united-states",0.010905084998655178
10,"$70,000 to $79,999",2022,"2022",1112134,8607,"United States","01000US","united-states",0.013646191011875664
11,"$80,000 to $89,999",2022,"2022",1466077,11169,"United States","01000US","united-states",0.01798916927287327
12,"$90,000 to $99,999",2022,"2022",1644538,12108,"United States","01000US","united-states",0.020178934979317224
13,"$100,000 to $124,999",2022,"2022",3784011,23972,"United States","01000US","united-states",0.046430858958577514
14,"$125,000 to $149,999",2022,"2022",3738294,20045,"United States","01000US","united-states",0.04586989875549954
15,"$150,000 to $174,999",2022,"2022",4674575,24848,"United States","01000US","united-states",0.05735832494046462
16,"$175,000 to $199,999",2022,"2022",4162341,23858,"United States","01000US","united-states",0.05107307243781915
17,"$200,000 to $249,999",2022,"2022",8625221,42047,"United States","01000US","united-states",0.10583384132275538
18,"$250,000 to $299,999",2022,"2022",7577571,40246,"United States","01000US","united-states",0.09297888678167351
19,"$300,000 to $399,999",2022,"2022",11451015,53584,"United States","01000US","united-states",0.14050711332434168
20,"$400,000 to $499,999",2022,"2022",8162678,44344,"United States","01000US","united-states",0.10015831109959342
21,"$500,000 to $749,999",2022,"2022",9668934,45865,"United States","01000US","united-states",0.1186404877876398
22,"$750,000 to $999,999",2022,"2022",4199867,22503,"United States","01000US","united-states",0.05153352681104364
23,"$1,000,000 to $1,499,999",2022,"2022",2567526,13127,"United States","01000US","united-states",0.03150425238681407
24,"$1,500,000 to $1,999,999",2022,"2022",835009,7238,"United States","01000US","united-states",0.010245790804557082
25,"$2,000,000 or More",2022,"2022",1123194,7797.000000000001,"United States","01000US","united-states",0.01378190026327104
0,"Less Than $10,000",2022,"2022",13711,905,"New York, NY","16000US3651000","new-york-ny",0.012682159787258642
1,"$10,000 to $14,999",2022,"2022",2779,601,"New York, NY","16000US3651000","new-york-ny",0.0025704705746329055
2,"$15,000 to $19,999",2022,"2022",2486,582,"New York, NY","16000US3651000","new-york-ny",0.0022994565845762516
3,"$20,000 to $24,999",2022,"2022",3804,641,"New York, NY","16000US3651000","new-york-ny",0.0035185570586194937
4,"$25,000 to $29,999",2022,"2022",2883,521,"New York, NY","16000US3651000","new-york-ny",0.0026666666666666666
5,"$30,000 to $34,999",2022,"2022",2624,451.99999999999994,"New York, NY","16000US3651000","new-york-ny",0.0024271013990056654
6,"$35,000 to $39,999",2022,"2022",1452,453,"New York, NY","16000US3651000","new-york-ny",0.0013430454387790495
7,"$40,000 to $49,999",2022,"2022",4080,557,"New York, NY","16000US3651000","new-york-ny",0.003773846687478321
8,"$50,000 to $59,999",2022,"2022",4335,571,"New York, NY","16000US3651000","new-york-ny",0.004009712105445716
9,"$60,000 to $69,999",2022,"2022",2357,494.99999999999994,"New York, NY","16000US3651000","new-york-ny",0.0021801364319574516
10,"$70,000 to $79,999",2022,"2022",2141,367,"New York, NY","16000US3651000","new-york-ny",0.001980344548502717
11,"$80,000 to $89,999",2022,"2022",2898,517,"New York, NY","16000US3651000","new-york-ny",0.0026805411030176897
12,"$90,000 to $99,999",2022,"2022",2649,342,"New York, NY","16000US3651000","new-york-ny",0.002450225459590704
13,"$100,000 to $124,999",2022,"2022",9105,759,"New York, NY","16000US3651000","new-york-ny",0.008421782865071106
14,"$125,000 to $149,999",2022,"2022",6295,689,"New York, NY","16000US3651000","new-york-ny",0.0058226384553127526
15,"$150,000 to $174,999",2022,"2022",8531,832,"New York, NY","16000US3651000","new-york-ny",0.007890854434038617
16,"$175,000 to $199,999",2022,"2022",7539,748,"New York, NY","16000US3651000","new-york-ny",0.00697329171002428
17,"$200,000 to $249,999",2022,"2022",25204,1333,"New York, NY","16000US3651000","new-york-ny",0.02331275291941265
18,"$250,000 to $299,999",2022,"2022",27189,1315,"New York, NY","16000US3651000","new-york-ny",0.025148803329864723
19,"$300,000 to $399,999",2022,"2022",65297,2352,"New York, NY","16000US3651000","new-york-ny",0.06039727136085096
20,"$400,000 to $499,999",2022,"2022",89140,2278,"New York, NY","16000US3651000","new-york-ny",0.0824511504220141
21,"$500,000 to $749,999",2022,"2022",273610,4002.0000000000005,"New York, NY","16000US3651000","new-york-ny",0.2530789686668979
22,"$750,000 to $999,999",2022,"2022",215391,4018,"New York, NY","16000US3651000","new-york-ny",0.1992285813388831
23,"$1,000,000 to $1,499,999",2022,"2022",159678,3265,"New York, NY","16000US3651000","new-york-ny",0.14769614984391258
24,"$1,500,000 to $1,999,999",2022,"2022",53369,2132,"New York, NY","16000US3651000","new-york-ny",0.049364319574517285
25,"$2,000,000 or More",2022,"2022",92578,2651,"New York, NY","16000US3651000","new-york-ny",0.08563117123366863
0,"Less Than $10,000",2021,"2021",1045047,8871,"United States","01000US","united-states",0.013038288512271054
1,"$10,000 to $14,999",2021,"2021",533830,6098,"United States","01000US","united-states",0.0066602072026479735
2,"$15,000 to $19,999",2021,"2021",476859,5785,"United States","01000US","united-states",0.005949421625700148
3,"$20,000 to $24,999",2021,"2021",512481,6036,"United States","01000US","united-states",0.006393851314875965
4,"$25,000 to $29,999",2021,"2021",468889,5484,"United States","01000US","united-states",0.005849985753971125
5,"$30,000 to $34,999",2021,"2021",549446,6107,"United States","01000US","united-states",0.00685503663463297
6,"$35,000 to $39,999",2021,"2021",400870,4927,"United States","01000US","united-states",0.0050013623463003075
7,"$40,000 to $49,999",2021,"2021",1021769,9220,"United States","01000US","united-states",0.012747865899710427
8,"$50,000 to $59,999",2021,"2021",1253441,9767,"United States","01000US","united-states",0.01563826831818047
9,"$60,000 to $69,999",2021,"2021",1442791,9644,"United States","01000US","united-states",0.01800065003861842
10,"$70,000 to $79,999",2021,"2021",1653143,12277,"United States","01000US","united-states",0.020625058381145832
11,"$80,000 to $89,999",2021,"2021",1947871,13999.999999999998,"United States","01000US","united-states",0.024302164479383156
12,"$90,000 to $99,999",2021,"2021",1648381,13752,"United States","01000US","united-states",0.02056564638350799
13,"$100,000 to $124,999",2021,"2021",4666412,24652,"United States","01000US","united-states",0.058219415943133464
14,"$125,000 to $149,999",2021,"2021",4363124,28053,"United States","01000US","united-states",0.05443551297387977
15,"$150,000 to $174,999",2021,"2021",5902782,31519.999999999996,"United States","01000US","united-states",0.07364470185651015
16,"$175,000 to $199,999",2021,"2021",4481505,27119,"United States","01000US","united-states",0.05591246629021019
17,"$200,000 to $249,999",2021,"2021",8592193,45046,"United States","01000US","united-states",0.10719851957578536
18,"$250,000 to $299,999",2021,"2021",7490330,39115,"United States","01000US","united-states",0.09345137930841316
19,"$300,000 to $399,999",2021,"2021",10898378,49891,"United States","01000US","united-states",0.13597110625626177
20,"$400,000 to $499,999",2021,"2021",6615893,32080,"United States","01000US","united-states",0.08254166721718208
21,"$500,000 to $749,999",2021,"2021",7797250,34847,"United States","01000US","united-states",0.09728059609022893
22,"$750,000 to $999,999",2021,"2021",3132568,17443,"United States","01000US","united-states",0.03908276409415836
23,"$1,000,000 to $1,499,999",2021,"2021",1757370,11141,"United States","01000US","united-states",0.021925422572199895
24,"$1,500,000 to $1,999,999",2021,"2021",641616,5895,"United States","01000US","united-states",0.008004974438555686
25,"$2,000,000 or More",2021,"2021",857922,7013,"United States","01000US","united-states",0.010703666492535367
0,"Less Than $10,000",2021,"2021",12569,860.9999999999999,"New York, NY","16000US3651000","new-york-ny",0.011661761594958601
1,"$10,000 to $14,999",2021,"2021",2504,519,"New York, NY","16000US3651000","new-york-ny",0.0023232596892176255
2,"$15,000 to $19,999",2021,"2021",2773,533,"New York, NY","16000US3651000","new-york-ny",0.0025728430983228737
3,"$20,000 to $24,999",2021,"2021",3273,601,"New York, NY","16000US3651000","new-york-ny",0.003036752780674636
4,"$25,000 to $29,999",2021,"2021",3251,614,"New York, NY","16000US3651000","new-york-ny",0.0030163407546511586
5,"$30,000 to $34,999",2021,"2021",2517,519,"New York, NY","16000US3651000","new-york-ny",0.002335321340958771
6,"$35,000 to $39,999",2021,"2021",2114,574,"New York, NY","16000US3651000","new-york-ny",0.001961410136983251
7,"$40,000 to $49,999",2021,"2021",3533,487.00000000000006,"New York, NY","16000US3651000","new-york-ny",0.0032779858154975525
8,"$50,000 to $59,999",2021,"2021",3689,455,"New York, NY","16000US3651000","new-york-ny",0.0034227256363913022
9,"$60,000 to $69,999",2021,"2021",2754,424,"New York, NY","16000US3651000","new-york-ny",0.0025552145303935066
10,"$70,000 to $79,999",2021,"2021",2705,569,"New York, NY","16000US3651000","new-york-ny",0.0025097513815230343
11,"$80,000 to $89,999",2021,"2021",2082,353,"New York, NY","16000US3651000","new-york-ny",0.0019317199173127383
12,"$90,000 to $99,999",2021,"2021",2438,410,"New York, NY","16000US3651000","new-york-ny",0.002262023611147193
13,"$100,000 to $124,999",2021,"2021",11564,884.0000000000001,"New York, NY","16000US3651000","new-york-ny",0.010729303133431558
14,"$125,000 to $149,999",2021,"2021",5596,685,"New York, NY","16000US3651000","new-york-ny",0.005192077164880924
15,"$150,000 to $174,999",2021,"2021",12252,888,"New York, NY","16000US3651000","new-york-ny",0.011367642856347584
16,"$175,000 to $199,999",2021,"2021",8891,720,"New York, NY","16000US3651000","new-york-ny",0.008249241971579037
17,"$200,000 to $249,999",2021,"2021",28312,1375,"New York, NY","16000US3651000","new-york-ny",0.026268421853486188
18,"$250,000 to $299,999",2021,"2021",31133,1464,"New York, NY","16000US3651000","new-york-ny",0.028885800281314832
19,"$300,000 to $399,999",2021,"2021",88424,2449,"New York, NY","16000US3651000","new-york-ny",0.08204149950454447
20,"$400,000 to $499,999",2021,"2021",116088,2778,"New York, NY","16000US3651000","new-york-ny",0.10770869440970277
21,"$500,000 to $749,999",2021,"2021",296281,4582,"New York, NY","16000US3651000","new-york-ny",0.274895249193725
22,"$750,000 to $999,999",2021,"2021",185945,3936.0000000000005,"New York, NY","16000US3651000","new-york-ny",0.17252337176979687
23,"$1,000,000 to $1,499,999",2021,"2021",120025,3218,"New York, NY","16000US3651000","new-york-ny",0.11136151924854054
24,"$1,500,000 to $1,999,999",2021,"2021",44167,1730.0000000000002,"New York, NY","16000US3651000","new-york-ny",0.04097899788086057
25,"$2,000,000 or More",2021,"2021",82916,2619,"New York, NY","16000US3651000","new-york-ny",0.07693107044375745
0,"Less Than $10,000",2020,"2020",1031883,8097,"United States","01000US","united-states",0.013094733269632246
1,"$10,000 to $14,999",2020,"2020",544313,7029.999999999999,"United States","01000US","united-states",0.006907404764099551
2,"$15,000 to $19,999",2020,"2020",488049,6423,"United States","01000US","united-states",0.006193407079592113
3,"$20,000 to $24,999",2020,"2020",524602,5422,"United States","01000US","united-states",0.006657269538034463
4,"$25,000 to $29,999",2020,"2020",483311,5903,"United States","01000US","united-states",0.006133281225952196
5,"$30,000 to $34,999",2020,"2020",576666,6702,"United States","01000US","united-states",0.00731796866085181
6,"$35,000 to $39,999",2020,"2020",426388,6370,"United States","01000US","united-states",0.005410920743312908
7,"$40,000 to $49,999",2020,"2020",1097262,8972,"United States","01000US","united-states",0.013924401523140915
8,"$50,000 to $59,999",2020,"2020",1364028,10293,"United States","01000US","united-states",0.017309697739288206
9,"$60,000 to $69,999",2020,"2020",1581124,13137,"United States","01000US","united-states",0.020064675012781502
10,"$70,000 to $79,999",2020,"2020",1809271,15535.000000000002,"United States","01000US","united-states",0.022959890954188412
11,"$80,000 to $89,999",2020,"2020",2134595,15347,"United States","01000US","united-states",0.027088296021632922
12,"$90,000 to $99,999",2020,"2020",1809410,14988,"United States","01000US","united-states",0.022961654882777682
13,"$100,000 to $124,999",2020,"2020",5007346,28159.999999999996,"United States","01000US","united-states",0.06354389040110163
14,"$125,000 to $149,999",2020,"2020",4722731,27091.000000000004,"United States","01000US","united-states",0.05993208798790518
15,"$150,000 to $174,999",2020,"2020",6147474,32335.000000000004,"United States","01000US","united-states",0.07801226719695858
16,"$175,000 to $199,999",2020,"2020",4579828,27350.000000000004,"United States","01000US","united-states",0.058118629806667335
17,"$200,000 to $249,999",2020,"2020",8500978,44969,"United States","01000US","united-states",0.1078785477045477
18,"$250,000 to $299,999",2020,"2020",7229480,37339,"United States","01000US","united-states",0.09174306803982712
19,"$300,000 to $399,999",2020,"2020",10176033,43678,"United States","01000US","united-states",0.1291352196692606
20,"$400,000 to $499,999",2020,"2020",5997303,30722.999999999996,"United States","01000US","united-states",0.07610657712372941
21,"$500,000 to $749,999",2020,"2020",6925193,31817.000000000004,"United States","01000US","united-states",0.08788162531578128
22,"$750,000 to $999,999",2020,"2020",2757469,15897,"United States","01000US","united-states",0.034992650382145614
23,"$1,000,000 to $1,499,999",2020,"2020",1551648,10201,"United States","01000US","united-states",0.019690620630786956
24,"$1,500,000 to $1,999,999",2020,"2020",565285,5601,"United States","01000US","united-states",0.007173542248805401
25,"$2,000,000 or More",2020,"2020",769706,6252,"United States","01000US","united-states",0.009767672077198246
0,"Less Than $10,000",2020,"2020",10962,859,"New York, NY","16000US3651000","new-york-ny",0.010457309336787941
1,"$10,000 to $14,999",2020,"2020",2934,703,"New York, NY","16000US3651000","new-york-ny",0.002798918590962946
2,"$15,000 to $19,999",2020,"2020",4001,850.0000000000001,"New York, NY","16000US3651000","new-york-ny",0.003816793893129771
3,"$20,000 to $24,999",2020,"2020",3474,551,"New York, NY","16000US3651000","new-york-ny",0.003314056981937722
4,"$25,000 to $29,999",2020,"2020",2774,549,"New York, NY","16000US3651000","new-york-ny",0.0026462849936370867
5,"$30,000 to $34,999",2020,"2020",2029,476,"New York, NY","16000US3651000","new-york-ny",0.0019355848060885542
6,"$35,000 to $39,999",2020,"2020",2297,506,"New York, NY","16000US3651000","new-york-ny",0.0021912460816093686
7,"$40,000 to $49,999",2020,"2020",3091,432.99999999999994,"New York, NY","16000US3651000","new-york-ny",0.002948690308338946
8,"$50,000 to $59,999",2020,"2020",3582,456.00000000000006,"New York, NY","16000US3651000","new-york-ny",0.0034170846601326767
9,"$60,000 to $69,999",2020,"2020",2521,336,"New York, NY","16000US3651000","new-york-ny",0.0024049331178655716
10,"$70,000 to $79,999",2020,"2020",2660,397,"New York, NY","16000US3651000","new-york-ny",0.0025375335555424122
11,"$80,000 to $89,999",2020,"2020",2108,331,"New York, NY","16000US3651000","new-york-ny",0.002010947644768197
12,"$90,000 to $99,999",2020,"2020",2404,350,"New York, NY","16000US3651000","new-york-ny",0.002293319799821037
13,"$100,000 to $124,999",2020,"2020",11556,865.9999999999999,"New York, NY","16000US3651000","new-york-ny",0.011023961566860193
14,"$125,000 to $149,999",2020,"2020",6249,722,"New York, NY","16000US3651000","new-york-ny",0.0059612959355580955
15,"$150,000 to $174,999",2020,"2020",12791,848,"New York, NY","16000US3651000","new-york-ny",0.01220210214621917
16,"$175,000 to $199,999",2020,"2020",8923,773,"New York, NY","16000US3651000","new-york-ny",0.00851218493086652
17,"$200,000 to $249,999",2020,"2020",30280,1258,"New York, NY","16000US3651000","new-york-ny",0.028885908293918888
18,"$250,000 to $299,999",2020,"2020",33195,1558,"New York, NY","16000US3651000","new-york-ny",0.031666701645199385
19,"$300,000 to $399,999",2020,"2020",95389,2660,"New York, NY","16000US3651000","new-york-ny",0.0909972888457275
20,"$400,000 to $499,999",2020,"2020",126082,2246,"New York, NY","16000US3651000","new-york-ny",0.12027718261274375
21,"$500,000 to $749,999",2020,"2020",286258,4211,"New York, NY","16000US3651000","new-york-ny",0.27307867689566157
22,"$750,000 to $999,999",2020,"2020",165207,3329,"New York, NY","16000US3651000","new-york-ny",0.1576008669588328
23,"$1,000,000 to $1,499,999",2020,"2020",108357,2798,"New York, NY","16000US3651000","new-york-ny",0.1033682419089884
24,"$1,500,000 to $1,999,999",2020,"2020",40421,1964,"New York, NY","16000US3651000","new-york-ny",0.038560016484428514
25,"$2,000,000 or More",2020,"2020",78717,2663,"New York, NY","16000US3651000","new-york-ny",0.07509286800437295
0,"Less Than $10,000",2019,"2019",1028776,9530,"United States","01000US","united-states",0.013313286844704715
1,"$10,000 to $14,999",2019,"2019",555266,5017,"United States","01000US","united-states",0.007185641512935575
2,"$15,000 to $19,999",2019,"2019",493678,5343,"United States","01000US","united-states",0.006388637393290798
3,"$20,000 to $24,999",2019,"2019",541349,4923,"United States","01000US","united-states",0.007005543014314149
4,"$25,000 to $29,999",2019,"2019",496197,4677,"United States","01000US","united-states",0.006421235519181966
5,"$30,000 to $34,999",2019,"2019",605943,6051,"United States","01000US","united-states",0.007841447477916387
6,"$35,000 to $39,999",2019,"2019",448984,4741,"United States","01000US","united-states",0.005810256830138827
7,"$40,000 to $49,999",2019,"2019",1165696,8891,"United States","01000US","united-states",0.015085154806998713
8,"$50,000 to $59,999",2019,"2019",1451180,9994,"United States","01000US","united-states",0.018779574565598915
9,"$60,000 to $69,999",2019,"2019",1685990,12236,"United States","01000US","united-states",0.021818227181916863
10,"$70,000 to $79,999",2019,"2019",1937078,12774,"United States","01000US","united-states",0.025067531760623228
11,"$80,000 to $89,999",2019,"2019",2288047,14353.999999999998,"United States","01000US","united-states",0.029609386324298086
12,"$90,000 to $99,999",2019,"2019",1946546,16357.999999999998,"United States","01000US","united-states",0.025190056197279664
13,"$100,000 to $124,999",2019,"2019",5290207,30066,"United States","01000US","united-states",0.06846003722760328
14,"$125,000 to $149,999",2019,"2019",4952877,28839,"United States","01000US","united-states",0.06409468359248326
15,"$150,000 to $174,999",2019,"2019",6272151,35728,"United States","01000US","united-states",0.08116727586598202
16,"$175,000 to $199,999",2019,"2019",4582862,28110.999999999996,"United States","01000US","united-states",0.059306356656548306
17,"$200,000 to $249,999",2019,"2019",8274180,42220,"United States","01000US","united-states",0.10707533199133618
18,"$250,000 to $299,999",2019,"2019",6877112,39470,"United States","01000US","united-states",0.08899601538056966
19,"$300,000 to $399,999",2019,"2019",9450290,49313,"United States","01000US","united-states",0.12229525332593735
20,"$400,000 to $499,999",2019,"2019",5498064,30508,"United States","01000US","united-states",0.0711498937791556
21,"$500,000 to $749,999",2019,"2019",6314185,31143,"United States","01000US","united-states",0.08171123363641049
22,"$750,000 to $999,999",2019,"2019",2506929,14816,"United States","01000US","united-states",0.03244191629305966
23,"$1,000,000 to $1,499,999",2019,"2019",1400103,8041,"United States","01000US","united-states",0.018118592240810055
24,"$1,500,000 to $1,999,999",2019,"2019",508010,4499,"United States","01000US","united-states",0.006574106365213071
25,"$2,000,000 or More",2019,"2019",702681,5363,"United States","01000US","united-states",0.009093324215693168
0,"Less Than $10,000",2019,"2019",9379,704,"New York, NY","16000US3651000","new-york-ny",0.009065015072919295
1,"$10,000 to $14,999",2019,"2019",2510,350,"New York, NY","16000US3651000","new-york-ny",0.0024259716209646476
2,"$15,000 to $19,999",2019,"2019",4061,776,"New York, NY","16000US3651000","new-york-ny",0.003925048108660332
3,"$20,000 to $24,999",2019,"2019",3523,558,"New York, NY","16000US3651000","new-york-ny",0.0034050589723738857
4,"$25,000 to $29,999",2019,"2019",2493,443,"New York, NY","16000US3651000","new-york-ny",0.0024095407374760424
5,"$30,000 to $34,999",2019,"2019",2633,584,"New York, NY","16000US3651000","new-york-ny",0.002544853895617497
6,"$35,000 to $39,999",2019,"2019",2171,455,"New York, NY","16000US3651000","new-york-ny",0.002098320473750697
7,"$40,000 to $49,999",2019,"2019",3350,421,"New York, NY","16000US3651000","new-york-ny",0.003237850569813374
8,"$50,000 to $59,999",2019,"2019",3641,453,"New York, NY","16000US3651000","new-york-ny",0.003519108634235969
9,"$60,000 to $69,999",2019,"2019",2770,357,"New York, NY","16000US3651000","new-york-ny",0.0026772674860844913
10,"$70,000 to $79,999",2019,"2019",2259,338,"New York, NY","16000US3651000","new-york-ny",0.0021833744588681827
11,"$80,000 to $89,999",2019,"2019",2383,329,"New York, NY","16000US3651000","new-york-ny",0.0023032232560791853
12,"$90,000 to $99,999",2019,"2019",2572,362,"New York, NY","16000US3651000","new-york-ny",0.002485896019570149
13,"$100,000 to $124,999",2019,"2019",12337,811,"New York, NY","16000US3651000","new-york-ny",0.011923988799936596
14,"$125,000 to $149,999",2019,"2019",6938,542,"New York, NY","16000US3651000","new-york-ny",0.006705733508467221
15,"$150,000 to $174,999",2019,"2019",14123,893.0000000000001,"New York, NY","16000US3651000","new-york-ny",0.013650198088798294
16,"$175,000 to $199,999",2019,"2019",10211,667,"New York, NY","16000US3651000","new-york-ny",0.009869161841302794
17,"$200,000 to $249,999",2019,"2019",32587,1344,"New York, NY","16000US3651000","new-york-ny",0.031496070602539825
18,"$250,000 to $299,999",2019,"2019",35378,1475,"New York, NY","16000US3651000","new-york-ny",0.03419363506234554
19,"$300,000 to $399,999",2019,"2019",107568,2127,"New York, NY","16000US3651000","new-york-ny",0.10396689853542837
20,"$400,000 to $499,999",2019,"2019",137805,2645,"New York, NY","16000US3651000","new-york-ny",0.13319164112630807
21,"$500,000 to $749,999",2019,"2019",274964,4002.0000000000005,"New York, NY","16000US3651000","new-york-ny",0.26575890868004914
22,"$750,000 to $999,999",2019,"2019",152935,2478,"New York, NY","16000US3651000","new-york-ny",0.14781512743116668
23,"$1,000,000 to $1,499,999",2019,"2019",95434,2011.0000000000002,"New York, NY","16000US3651000","new-york-ny",0.09223911381479688
24,"$1,500,000 to $1,999,999",2019,"2019",36573,1380,"New York, NY","16000US3651000","new-york-ny",0.03534862951933867
25,"$2,000,000 or More",2019,"2019",74039,2092,"New York, NY","16000US3651000","new-york-ny",0.07156036368310818
0,"Less Than $10,000",2018,"2018",1258863,12461,"United States","01000US","united-states",0.01646760584531507
1,"$10,000 to $14,999",2018,"2018",596848,5635,"United States","01000US","united-states",0.007807567315557459
2,"$15,000 to $19,999",2018,"2018",527481,5691,"United States","01000US","united-states",0.006900154503621633
3,"$20,000 to $24,999",2018,"2018",568572,5333,"United States","01000US","united-states",0.007437679549468433
4,"$25,000 to $29,999",2018,"2018",522549,5396,"United States","01000US","united-states",0.006835637370280598
5,"$30,000 to $34,999",2018,"2018",641527,6041,"United States","01000US","united-states",0.00839202818346988
6,"$35,000 to $39,999",2018,"2018",478620,4355,"United States","01000US","united-states",0.006260987501963835
7,"$40,000 to $49,999",2018,"2018",1242034,8707,"United States","01000US","united-states",0.016247460095721346
8,"$50,000 to $59,999",2018,"2018",1544961,10127,"United States","01000US","united-states",0.020210148995072393
9,"$60,000 to $69,999",2018,"2018",1796514,12686,"United States","01000US","united-states",0.0235007975034538
10,"$70,000 to $79,999",2018,"2018",2058463,13531.999999999998,"United States","01000US","united-states",0.02692743954756379
11,"$80,000 to $89,999",2018,"2018",2433919,14986.999999999998,"United States","01000US","united-states",0.03183890443314595
12,"$90,000 to $99,999",2018,"2018",2091716,16347.999999999998,"United States","01000US","united-states",0.02736243310696959
13,"$100,000 to $124,999",2018,"2018",5546278,28876.999999999996,"United States","01000US","united-states",0.07255270828719439
14,"$125,000 to $149,999",2018,"2018",5155384,31240.999999999996,"United States","01000US","united-states",0.06743929378593524
15,"$150,000 to $174,999",2018,"2018",6388594,37101,"United States","01000US","united-states",0.08357132420108049
16,"$175,000 to $199,999",2018,"2018",4577979,27570.999999999996,"United States","01000US","united-states",0.059886066823895565
17,"$200,000 to $249,999",2018,"2018",8070035,41520,"United States","01000US","united-states",0.1055668134959064
18,"$250,000 to $299,999",2018,"2018",6570089,36203,"United States","01000US","united-states",0.08594552069656528
19,"$300,000 to $399,999",2018,"2018",8880612,47996,"United States","01000US","united-states",0.11617024098823714
20,"$400,000 to $499,999",2018,"2018",5088888,26182,"United States","01000US","united-states",0.06656943748045158
21,"$500,000 to $749,999",2018,"2018",5786379,27850.999999999996,"United States","01000US","united-states",0.07569354937241651
22,"$750,000 to $999,999",2018,"2018",2275524,12641,"United States","01000US","united-states",0.029766886725207376
23,"$1,000,000 to $1,499,999",2018,"2018",1253950,7742,"United States","01000US","united-states",0.01640333725729713
24,"$1,500,000 to $1,999,999",2018,"2018",452783,4394,"United States","01000US","united-states",0.005923005106559883
25,"$2,000,000 or More",2018,"2018",636248,5636,"United States","01000US","united-states",0.008322971827649255
0,"Less Than $10,000",2018,"2018",11731,778,"New York, NY","16000US3651000","new-york-ny",0.011391089878039306
1,"$10,000 to $14,999",2018,"2018",2917,445,"New York, NY","16000US3651000","new-york-ny",0.002832478831663171
2,"$15,000 to $19,999",2018,"2018",4013,658,"New York, NY","16000US3651000","new-york-ny",0.003896721820865377
3,"$20,000 to $24,999",2018,"2018",3874,501,"New York, NY","16000US3651000","new-york-ny",0.0037617493979647323
4,"$25,000 to $29,999",2018,"2018",2288,390,"New York, NY","16000US3651000","new-york-ny",0.0022217043424221238
5,"$30,000 to $34,999",2018,"2018",3079,501.99999999999994,"New York, NY","16000US3651000","new-york-ny",0.0029897848209430593
6,"$35,000 to $39,999",2018,"2018",2086,457,"New York, NY","16000US3651000","new-york-ny",0.002025557368134856
7,"$40,000 to $49,999",2018,"2018",3477,348,"New York, NY","16000US3651000","new-york-ny",0.003376252621766488
8,"$50,000 to $59,999",2018,"2018",3873,418,"New York, NY","16000US3651000","new-york-ny",0.003760778373339548
9,"$60,000 to $69,999",2018,"2018",2754,427.99999999999994,"New York, NY","16000US3651000","new-york-ny",0.0026742018177580984
10,"$70,000 to $79,999",2018,"2018",2338,316,"New York, NY","16000US3651000","new-york-ny",0.0022702555736813486
11,"$80,000 to $89,999",2018,"2018",2670,313,"New York, NY","16000US3651000","new-york-ny",0.002592635749242601
12,"$90,000 to $99,999",2018,"2018",2976,396,"New York, NY","16000US3651000","new-york-ny",0.002889769284549056
13,"$100,000 to $124,999",2018,"2018",13231,876,"New York, NY","16000US3651000","new-york-ny",0.01284762681581605
14,"$125,000 to $149,999",2018,"2018",7768,628,"New York, NY","16000US3651000","new-york-ny",0.0075429192884331545
15,"$150,000 to $174,999",2018,"2018",15896,871,"New York, NY","16000US3651000","new-york-ny",0.015435407441932728
16,"$175,000 to $199,999",2018,"2018",11331,725,"New York, NY","16000US3651000","new-york-ny",0.01100268002796551
17,"$200,000 to $249,999",2018,"2018",35377,1391,"New York, NY","16000US3651000","new-york-ny",0.03435193816515187
18,"$250,000 to $299,999",2018,"2018",38906,1418,"New York, NY","16000US3651000","new-york-ny",0.03777868406742795
19,"$300,000 to $399,999",2018,"2018",120392,2044.0000000000002,"New York, NY","16000US3651000","new-york-ny",0.11690359667521168
20,"$400,000 to $499,999",2018,"2018",148171,2495,"New York, NY","16000US3651000","new-york-ny",0.14387768973821177
21,"$500,000 to $749,999",2018,"2018",268532,3612.0000000000005,"New York, NY","16000US3651000","new-york-ny",0.2607511846500427
22,"$750,000 to $999,999",2018,"2018",138421,2698,"New York, NY","16000US3651000","new-york-ny",0.13441019964266293
23,"$1,000,000 to $1,499,999",2018,"2018",83619,2288,"New York, NY","16000US3651000","new-york-ny",0.08119610813330226
24,"$1,500,000 to $1,999,999",2018,"2018",32941,1378,"New York, NY","16000US3651000","new-york-ny",0.03198652217820244
25,"$2,000,000 or More",2018,"2018",67179,1883,"New York, NY","16000US3651000","new-york-ny",0.06523246329526917
0,"Less Than $10,000",2017,"2017",1476974,13039,"United States","01000US","united-states",0.01947663115866171
1,"$10,000 to $14,999",2017,"2017",632158,6026,"United States","01000US","united-states",0.008336171252843496
2,"$15,000 to $19,999",2017,"2017",562022,5452,"United States","01000US","united-states",0.007411298504275209
3,"$20,000 to $24,999",2017,"2017",603519,5001,"United States","01000US","united-states",0.007958513122265089
4,"$25,000 to $29,999",2017,"2017",552538,4783,"United States","01000US","united-states",0.007286234440920846
5,"$30,000 to $34,999",2017,"2017",674950,6727,"United States","01000US","united-states",0.008900462838573138
6,"$35,000 to $39,999",2017,"2017",506636,4012.0000000000005,"United States","01000US","united-states",0.006680931758920424
7,"$40,000 to $49,999",2017,"2017",1314549,8040,"United States","01000US","united-states",0.017334757424969968
8,"$50,000 to $59,999",2017,"2017",1633945,10334,"United States","01000US","united-states",0.021546583825131322
9,"$60,000 to $69,999",2017,"2017",1907605,11773,"United States","01000US","united-states",0.02515529656000639
10,"$70,000 to $79,999",2017,"2017",2194410,14011,"United States","01000US","united-states",0.02893735040757579
11,"$80,000 to $89,999",2017,"2017",2572479,14896.000000000002,"United States","01000US","united-states",0.03392288872140127
12,"$90,000 to $99,999",2017,"2017",2231451,16188.000000000002,"United States","01000US","united-states",0.02942580443232368
13,"$100,000 to $124,999",2017,"2017",5826370,30685,"United States","01000US","united-states",0.07683145369105471
14,"$125,000 to $149,999",2017,"2017",5331518,33096,"United States","01000US","united-states",0.07030591574514228
15,"$150,000 to $174,999",2017,"2017",6499851,36251,"United States","01000US","united-states",0.08571254505039255
16,"$175,000 to $199,999",2017,"2017",4590736,27318,"United States","01000US","united-states",0.06053733635039617
17,"$200,000 to $249,999",2017,"2017",7895572,42441,"United States","01000US","united-states",0.10411770527487753
18,"$250,000 to $299,999",2017,"2017",6310465,33487,"United States","01000US","united-states",0.08321514071652188
19,"$300,000 to $399,999",2017,"2017",8377035,42632,"United States","01000US","united-states",0.1104666845172628
20,"$400,000 to $499,999",2017,"2017",4713899,24568,"United States","01000US","united-states",0.06216146807065276
21,"$500,000 to $749,999",2017,"2017",5308063,25682,"United States","01000US","united-states",0.06999661823291362
22,"$750,000 to $999,999",2017,"2017",2045639,12211,"United States","01000US","united-states",0.026975529892045214
23,"$1,000,000 to $1,499,999",2017,"2017",1106944,6170,"United States","01000US","united-states",0.01459710191329951
24,"$1,500,000 to $1,999,999",2017,"2017",398918,4093.0000000000005,"United States","01000US","united-states",0.005260470901011807
25,"$2,000,000 or More",2017,"2017",564889,4879,"United States","01000US","united-states",0.007449105196560844
0,"Less Than $10,000",2017,"2017",13307,724,"New York, NY","16000US3651000","new-york-ny",0.012978235342308637
1,"$10,000 to $14,999",2017,"2017",3064,609,"New York, NY","16000US3651000","new-york-ny",0.0029883003749029582
2,"$15,000 to $19,999",2017,"2017",3929,708,"New York, NY","16000US3651000","new-york-ny",0.0038319295603765416
3,"$20,000 to $24,999",2017,"2017",3918,553,"New York, NY","16000US3651000","new-york-ny",0.0038212013279601146
4,"$25,000 to $29,999",2017,"2017",2685,446.99999999999994,"New York, NY","16000US3651000","new-york-ny",0.002618664003464244
5,"$30,000 to $34,999",2017,"2017",3337,549,"New York, NY","16000US3651000","new-york-ny",0.0032545555976015573
6,"$35,000 to $39,999",2017,"2017",1910,274,"New York, NY","16000US3651000","new-york-ny",0.0018628112650341548
7,"$40,000 to $49,999",2017,"2017",3898,519,"New York, NY","16000US3651000","new-york-ny",0.003801695450839338
8,"$50,000 to $59,999",2017,"2017",4213,427,"New York, NY","16000US3651000","new-york-ny",0.004108913015491568
9,"$60,000 to $69,999",2017,"2017",2819,384,"New York, NY","16000US3651000","new-york-ny",0.002749353380173446
10,"$70,000 to $79,999",2017,"2017",2525,303,"New York, NY","16000US3651000","new-york-ny",0.002462616986498032
11,"$80,000 to $89,999",2017,"2017",2949,336,"New York, NY","16000US3651000","new-york-ny",0.0028761415814584934
12,"$90,000 to $99,999",2017,"2017",3577,439.99999999999994,"New York, NY","16000US3651000","new-york-ny",0.0034886261230508754
13,"$100,000 to $124,999",2017,"2017",13613,774,"New York, NY","16000US3651000","new-york-ny",0.013276675262256519
14,"$125,000 to $149,999",2017,"2017",8368,642,"New York, NY","16000US3651000","new-york-ny",0.008161258987332883
15,"$150,000 to $174,999",2017,"2017",17669,971,"New York, NY","16000US3651000","new-york-ny",0.01723246714234999
16,"$175,000 to $199,999",2017,"2017",11695,722,"New York, NY","16000US3651000","new-york-ny",0.011406061646374052
17,"$200,000 to $249,999",2017,"2017",38169,1220,"New York, NY","16000US3651000","new-york-ny",0.03722599119114589
18,"$250,000 to $299,999",2017,"2017",42601,1350,"New York, NY","16000US3651000","new-york-ny",0.04154849356110996
19,"$300,000 to $399,999",2017,"2017",130458,2378,"New York, NY","16000US3651000","new-york-ny",0.12723488587111298
20,"$400,000 to $499,999",2017,"2017",156650,2339,"New York, NY","16000US3651000","new-york-ny",0.15277978254848185
21,"$500,000 to $749,999",2017,"2017",266944,2917,"New York, NY","16000US3651000","new-york-ny",0.260348843106428
22,"$750,000 to $999,999",2017,"2017",125027,2238,"New York, NY","16000US3651000","new-york-ny",0.12193806493896611
23,"$1,000,000 to $1,499,999",2017,"2017",72867,1668,"New York, NY","16000US3651000","new-york-ny",0.07106673740798103
24,"$1,500,000 to $1,999,999",2017,"2017",27934,1165,"New York, NY","16000US3651000","new-york-ny",0.027243858574588522
25,"$2,000,000 or More",2017,"2017",61206,1642,"New York, NY","16000US3651000","new-york-ny",0.05969383575271229
0,"Less Than $10,000",2016,"2016",1463996,13329,"United States","01000US","united-states",0.019550949780791055
1,"$10,000 to $14,999",2016,"2016",672264,6070,"United States","01000US","united-states",0.008977756567254089
2,"$15,000 to $19,999",2016,"2016",598938,6308,"United States","01000US","united-states",0.007998523739004363
3,"$20,000 to $24,999",2016,"2016",632979,5277,"United States","01000US","united-states",0.008453124626908367
4,"$25,000 to $29,999",2016,"2016",576582,5203,"United States","01000US","united-states",0.007699970304910715
5,"$30,000 to $34,999",2016,"2016",711866,6083,"United States","01000US","united-states",0.009506621887390815
6,"$35,000 to $39,999",2016,"2016",529927,5578,"United States","01000US","united-states",0.0070769156230517435
7,"$40,000 to $49,999",2016,"2016",1376361,8418,"United States","01000US","united-states",0.018380627263489352
8,"$50,000 to $59,999",2016,"2016",1707922,10902,"United States","01000US","united-states",0.02280846208016157
9,"$60,000 to $69,999",2016,"2016",1994300,12678,"United States","01000US","united-states",0.026632900054256704
10,"$70,000 to $79,999",2016,"2016",2290767,13071,"United States","01000US","united-states",0.030592071683592976
11,"$80,000 to $89,999",2016,"2016",2699481,17439,"United States","01000US","united-states",0.03605024703974575
12,"$90,000 to $99,999",2016,"2016",2354130,17406,"United States","01000US","united-states",0.031438253524909664
13,"$100,000 to $124,999",2016,"2016",6056463,31814,"United States","01000US","united-states",0.0808810980099803
14,"$125,000 to $149,999",2016,"2016",5433927,31625,"United States","01000US","united-states",0.0725674345349882
15,"$150,000 to $174,999",2016,"2016",6570071,35202,"United States","01000US","united-states",0.08774008137811282
16,"$175,000 to $199,999",2016,"2016",4568510,26153,"United States","01000US","united-states",0.06101021422397448
17,"$200,000 to $249,999",2016,"2016",7745477,40356,"United States","01000US","united-states",0.10343705300784439
18,"$250,000 to $299,999",2016,"2016",6066474,34291,"United States","01000US","united-states",0.08101479001341166
19,"$300,000 to $399,999",2016,"2016",7929212,42763,"United States","01000US","united-states",0.10589074397282902
20,"$400,000 to $499,999",2016,"2016",4355190,23893,"United States","01000US","united-states",0.058161430069346765
21,"$500,000 to $749,999",2016,"2016",4872014,24657,"United States","01000US","united-states",0.06506336154286688
22,"$750,000 to $999,999",2016,"2016",1839171,10716,"United States","01000US","united-states",0.024561228213251445
23,"$1,000,000 to $1,499,999",2016,"2016",985866,6897.999999999999,"United States","01000US","united-states",0.013165757731981066
24,"$1,500,000 to $1,999,999",2016,"2016",348313,3499,"United States","01000US","united-states",0.00465154957458673
25,"$2,000,000 or More",2016,"2016",500867,3882,"United States","01000US","united-states",0.0066888335513590694
0,"Less Than $10,000",2016,"2016",12026,645,"New York, NY","16000US3651000","new-york-ny",0.012023090412120267
1,"$10,000 to $14,999",2016,"2016",3207,488,"New York, NY","16000US3651000","new-york-ny",0.003206224093769308
2,"$15,000 to $19,999",2016,"2016",4059,580,"New York, NY","16000US3651000","new-york-ny",0.004058017959653764
3,"$20,000 to $24,999",2016,"2016",3930,513,"New York, NY","16000US3651000","new-york-ny",0.003929049170100836
4,"$25,000 to $29,999",2016,"2016",3022,396,"New York, NY","16000US3651000","new-york-ny",0.003021268852937589
5,"$30,000 to $34,999",2016,"2016",3344,534,"New York, NY","16000US3651000","new-york-ny",0.003343190947790635
6,"$35,000 to $39,999",2016,"2016",2099,317,"New York, NY","16000US3651000","new-york-ny",0.002098492164896095
7,"$40,000 to $49,999",2016,"2016",3846,364,"New York, NY","16000US3651000","new-york-ny",0.0038450694931826497
8,"$50,000 to $59,999",2016,"2016",4282,376,"New York, NY","16000US3651000","new-york-ny",0.004280964006710376
9,"$60,000 to $69,999",2016,"2016",3119,344,"New York, NY","16000US3651000","new-york-ny",0.003118245384616923
10,"$70,000 to $79,999",2016,"2016",2676,367,"New York, NY","16000US3651000","new-york-ny",0.0026753525646793478
11,"$80,000 to $89,999",2016,"2016",3123,359,"New York, NY","16000US3651000","new-york-ny",0.003122244416851122
12,"$90,000 to $99,999",2016,"2016",3811,366,"New York, NY","16000US3651000","new-york-ny",0.0038100779611334058
13,"$100,000 to $124,999",2016,"2016",13648,821,"New York, NY","16000US3651000","new-york-ny",0.013644697983088093
14,"$125,000 to $149,999",2016,"2016",8785,517,"New York, NY","16000US3651000","new-york-ny",0.008782874544360265
15,"$150,000 to $174,999",2016,"2016",18220,895,"New York, NY","16000US3651000","new-york-ny",0.01821559182677792
16,"$175,000 to $199,999",2016,"2016",12454,622,"New York, NY","16000US3651000","new-york-ny",0.012450986861179595
17,"$200,000 to $249,999",2016,"2016",40253,1398,"New York, NY","16000US3651000","new-york-ny",0.04024326113080635
18,"$250,000 to $299,999",2016,"2016",45388,1538,"New York, NY","16000US3651000","new-york-ny",0.04537701876145973
19,"$300,000 to $399,999",2016,"2016",138060,2460,"New York, NY","16000US3651000","new-york-ny",0.13802659756338967
20,"$400,000 to $499,999",2016,"2016",161548,2554,"New York, NY","16000US3651000","new-york-ny",0.1615089148426081
21,"$500,000 to $749,999",2016,"2016",259928,3113,"New York, NY","16000US3651000","new-york-ny",0.2598651126427405
22,"$750,000 to $999,999",2016,"2016",111131,2430,"New York, NY","16000US3651000","new-york-ny",0.11110411280470127
23,"$1,000,000 to $1,499,999",2016,"2016",59776,1679,"New York, NY","16000US3651000","new-york-ny",0.05976153770787469
24,"$1,500,000 to $1,999,999",2016,"2016",24303,1115,"New York, NY","16000US3651000","new-york-ny",0.02429712009693654
25,"$2,000,000 or More",2016,"2016",54204,1676,"New York, NY","16000US3651000","new-york-ny",0.05419088580563504
0,"Less Than $10,000",2015,"2015",1460217,13521.000000000002,"United States","01000US","united-states",0.019544587501907823
1,"$10,000 to $14,999",2015,"2015",705869,6388,"United States","01000US","united-states",0.009447854966340053
2,"$15,000 to $19,999",2015,"2015",629841,6142,"United States","01000US","united-states",0.008430241900203275
3,"$20,000 to $24,999",2015,"2015",659945,5495,"United States","01000US","united-states",0.008833175342395383
4,"$25,000 to $29,999",2015,"2015",601605,5044,"United States","01000US","united-states",0.008052311104503822
5,"$30,000 to $34,999",2015,"2015",739249,6718,"United States","01000US","united-states",0.009894636732895081
6,"$35,000 to $39,999",2015,"2015",546091,4633,"United States","01000US","united-states",0.007309272069496757
7,"$40,000 to $49,999",2015,"2015",1425946,9632,"United States","01000US","united-states",0.019085879954825517
8,"$50,000 to $59,999",2015,"2015",1769877,10010,"United States","01000US","united-states",0.023689298161926695
9,"$60,000 to $69,999",2015,"2015",2055529,12868,"United States","01000US","united-states",0.0275126685987145
10,"$70,000 to $79,999",2015,"2015",2374297,14562.000000000002,"United States","01000US","united-states",0.031779287237456655
11,"$80,000 to $89,999",2015,"2015",2794942,18284,"United States","01000US","united-states",0.037409500424770606
12,"$90,000 to $99,999",2015,"2015",2466857,16511,"United States","01000US","united-states",0.0330181764019963
13,"$100,000 to $124,999",2015,"2015",6275735,30900.999999999996,"United States","01000US","united-states",0.0839989206030922
14,"$125,000 to $149,999",2015,"2015",5528331,30159,"United States","01000US","united-states",0.07399513152429371
15,"$150,000 to $174,999",2015,"2015",6659967,36221,"United States","01000US","united-states",0.08914175618508656
16,"$175,000 to $199,999",2015,"2015",4584396,27035,"United States","01000US","united-states",0.0613608311404375
17,"$200,000 to $249,999",2015,"2015",7692487,42316,"United States","01000US","united-states",0.10296174149375635
18,"$250,000 to $299,999",2015,"2015",5945177,33560,"United States","01000US","united-states",0.07957449618161537
19,"$300,000 to $399,999",2015,"2015",7674805,38859,"United States","01000US","united-states",0.1027250729737975
20,"$400,000 to $499,999",2015,"2015",4148191,20530,"United States","01000US","united-states",0.055522351797114074
21,"$500,000 to $749,999",2015,"2015",4602188,21821,"United States","01000US","united-states",0.06159897197897995
22,"$750,000 to $999,999",2015,"2015",1700050,10155,"United States","01000US","united-states",0.022754683709762587
23,"$1,000,000 to $1,499,999",2015,"2015",910854,6270,"United States","01000US","united-states",0.012191520646905733
24,"$1,500,000 to $1,999,999",2015,"2015",313903,3613,"United States","01000US","united-states",0.004201502003203203
25,"$2,000,000 or More",2015,"2015",445742,3947,"United States","01000US","united-states",0.005966129364522805
0,"Less Than $10,000",2015,"2015",11162,699,"New York, NY","16000US3651000","new-york-ny",0.011259393755989307
1,"$10,000 to $14,999",2015,"2015",3126,434,"New York, NY","16000US3651000","new-york-ny",0.003153275835981238
2,"$15,000 to $19,999",2015,"2015",3513,561,"New York, NY","16000US3651000","new-york-ny",0.0035436525949462854
3,"$20,000 to $24,999",2015,"2015",3680,503,"New York, NY","16000US3651000","new-york-ny",0.0037121097493317194
4,"$25,000 to $29,999",2015,"2015",2816,414,"New York, NY","16000US3651000","new-york-ny",0.002840570938619055
5,"$30,000 to $34,999",2015,"2015",3411,491,"New York, NY","16000US3651000","new-york-ny",0.0034407625964593736
6,"$35,000 to $39,999",2015,"2015",1967,351,"New York, NY","16000US3651000","new-york-ny",0.0019841630100368183
7,"$40,000 to $49,999",2015,"2015",4302,416,"New York, NY","16000US3651000","new-york-ny",0.004339536995006809
8,"$50,000 to $59,999",2015,"2015",4576,448,"New York, NY","16000US3651000","new-york-ny",0.004615927775255964
9,"$60,000 to $69,999",2015,"2015",2986,368,"New York, NY","16000US3651000","new-york-ny",0.0030120542694305743
10,"$70,000 to $79,999",2015,"2015",2793,325,"New York, NY","16000US3651000","new-york-ny",0.0028173702526857317
11,"$80,000 to $89,999",2015,"2015",3190,340,"New York, NY","16000US3651000","new-york-ny",0.0032178342664043983
12,"$90,000 to $99,999",2015,"2015",3920,415,"New York, NY","16000US3651000","new-york-ny",0.003954203863418571
13,"$100,000 to $124,999",2015,"2015",14432,855.9999999999999,"New York, NY","16000US3651000","new-york-ny",0.014557926060422655
14,"$125,000 to $149,999",2015,"2015",9076,625,"New York, NY","16000US3651000","new-york-ny",0.009155192414384426
15,"$150,000 to $174,999",2015,"2015",18837,995,"New York, NY","16000US3651000","new-york-ny",0.01900136177939174
16,"$175,000 to $199,999",2015,"2015",12822,726,"New York, NY","16000US3651000","new-york-ny",0.012933878045090028
17,"$200,000 to $249,999",2015,"2015",41750,1387,"New York, NY","16000US3651000","new-york-ny",0.042114288596358504
18,"$250,000 to $299,999",2015,"2015",46827,1424,"New York, NY","16000US3651000","new-york-ny",0.04723558783477077
19,"$300,000 to $399,999",2015,"2015",144005,2296,"New York, NY","16000US3651000","new-york-ny",0.14526151207948756
20,"$400,000 to $499,999",2015,"2015",165076,2379,"New York, NY","16000US3651000","new-york-ny",0.16651636657083774
21,"$500,000 to $749,999",2015,"2015",258510,3024,"New York, NY","16000US3651000","new-york-ny",0.26076562263579967
22,"$750,000 to $999,999",2015,"2015",105046,2106,"New York, NY","16000US3651000","new-york-ny",0.10596257628486408
23,"$1,000,000 to $1,499,999",2015,"2015",53231,1603,"New York, NY","16000US3651000","new-york-ny",0.05369546577898825
24,"$1,500,000 to $1,999,999",2015,"2015",22203,1109,"New York, NY","16000US3651000","new-york-ny",0.02239673172945983
25,"$2,000,000 or More",2015,"2015",48093,1610,"New York, NY","16000US3651000","new-york-ny",0.048512634286578905